fichier	aspects
ajonc.jpg	fleur
alisier.jpg	feuille,fleur
amandier.jpg	fruit
amelanchier.jpg	fleur,port
arbousier.jpg	feuille,fleur,fruit
arbre_de_judee.jpg	fleur,port
argousier.jpg	fruit,port
aronia.jpg	fruit,feuille
aubepine.jpg	fleur,port
aulne_glutineux.jpg	feuille,fruit
bouleau.jpg	port
buis.jpg	port
callune.jpg	fleur
caragana.jpg	fleur,feuille
groseillier.jpg	fruit,feuille
chalef.jpg	port,feuille
charme.jpg	feuille,fruit
chataignier.jpg	feuille,fruit
chene_liege.jpg	port
chene_pedoncule.jpg	port
chene_pubescent.jpg	port
chene_sessile.jpg	port
chene_vert.jpg	port
cognassier.jpg	fruit,port
cormier.jpg	port
cornouiller_male.jpg	fleur,feuille,fruit
epicea.jpg	feuille,fruit
erable_champetre.jpg	feuille
erable_sycomore.jpg	feuille,fruit
fevier.jpg	port
framboisier.jpg	feuille,fruit
frene.jpg	feuille,fruit
genet.jpg	fleur
genevrier.jpg	port
hetre.jpg	feuille,fleur,fruit
houx.jpg	feuille,fruit
if.jpg	feuille,fruit
kiwai.jpg	fruit
meleze.jpg	port
merisier.jpg	port
micocoulier.jpg	feuille,fruit
murier.jpg	feuille,fruit
myrtille.jpg	feuille,fruit
noisetier.jpg	feuille,fruit
noyer.jpg	feuille,fruit
pin_maritime.jpg	port
pin_sylvestre.jpg	port,ecorce
poirier.jpg	fleur,fruit
pommier.jpg	fleur,fruit
prunellier.jpg	feuille,fruit
prunier.jpg	feuille,fruit
robinier.jpg	feuille,fleur
ronce.jpg	feuille,fleur,fruit
sapin.jpg	feuille,fruit
saule.jpg	feuille,fleur
sorbier.jpg	feuille,fleur,fruit
sureau.jpg	port,fleur
tilleul.jpg	feuille,fleur,fruit
tremble.jpg	feuille
achillee.jpg	feuille,fleur
ail_des_ours.jpg	feuille,fleur
ail_rocambole.jpg	feuille,fleur
alliaire.jpg	feuille,fleur
amarante.jpg	feuille
aneth.jpg	fleur,feuille
artichaut.jpg	fleur
arum.jpg	fleur,feuille
asperge.jpg	feuille,fleur
aubergine.jpg	fleur
basilic.jpg	feuille,fleur
berce.jpg	fleur,feuille
betterave.jpg	fleur,feuille
blette.jpg	feuille,fleur
bourrache.jpg	feuille,fleur
capucine.jpg	fleur,feuille
carotte.jpg	feuille
celeri.jpg	feuille,fleur
cerfeuil.jpg	fleur,feuille
chenopode.jpg	feuille,fleur
chicoree.jpg	fleur
chou.jpg	feuille
chou_daubenton.jpg	feuille,port
ciboulette.jpg	fleur
claytone.jpg	feuille
colchique.jpg	fleur
concombre.jpg	fruit,fleur,feuille
consoude.jpg	feuille,fleur
coriandre.jpg	fleur,feuille
courge.jpg	fruit
crosne.jpg	feuille,fleur
digitale.jpg	fleur
egopode.jpg	fleur,feuille
epinard.jpg	feuille
estragon.jpg	feuille,fleur
feverole.jpg	feuille,fleur,fruit
fraisier_des_bois.jpg	feuille,fleur,fruit
cigue.jpg	fleur,feuille
haricot.jpg	feuille,fruit
laitue.jpg	feuille
lamier.jpg	fleur,feuille
liveche.jpg	feuille
lupin.jpg	fleur,feuille
luzerne.jpg	feuille,fleur
mache.jpg	fleur,feuille
mauve.jpg	fleur,feuille
melisse.jpg	feuille,fleur
menthe.jpg	fleur,feuille
muguet.jpg	fleur,feuille
navet.jpg	fleur
oca.jpg	feuille,port
origan.jpg	fleur,feuille
ortie.jpg	feuille,fleur
oseille.jpg	feuille
panais.jpg	fleur,feuille
persil.jpg	fleur,feuille
phacelie.jpg	fleur
pissenlit.jpg	fleur,feuille
plantain.jpg	fleur
poireau_perpetuel.jpg	fleur
pois.jpg	feuille,fleur,fruit
poivron.jpg	feuille,fruit
pourpier.jpg	fleur,feuille
primevere.jpg	fleur
radis.jpg	fleur
raifort.jpg	fleur,feuille
rhubarbe.jpg	feuille
roquette.jpg	fleur
sarriette.jpg	feuille,fleur
scorsonere.jpg	feuille
souci.jpg	fleur
tanaisie.jpg	feuille,fleur
tomate.jpg	fruit
topinambour.jpg	feuille,fleur
trefle_blanc.jpg	feuille,fleur
trefle_violet.jpg	feuille,fleur
vesce.jpg	feuille,fleur,fruit
violette.jpg	fleur,feuille
achillee-1.jpg	fleur,feuille
achillee-2.jpg	fleur
ail_des_ours-1.jpg	fleur,feuille
ail_des_ours-2.jpg	feuille,fleur
ail_rocambole-1.jpg	fleur
ail_rocambole-2.jpg	fleur
ajonc-1.jpg	fleur,port
ajonc-2.jpg	fleur
alisier-1.jpg	fleur,feuille
alisier-2.jpg	fleur,feuille
amandier-1.jpg	fleur
amandier-2.jpg	fruit
amelanchier-1.jpg	fruit,feuille
amelanchier-2.jpg	feuille
arbousier-1.jpg	feuille,fleur,fruit
arbousier-2.jpg	fruit,feuille
arbre_de_judee-1.jpg	fleur,feuille
arbre_de_judee-2.jpg	fleur
argousier-1.jpg	fruit,feuille
argousier-2.jpg	fruit,feuille
aronia-1.jpg	fleur,feuille
aronia-2.jpg	fruit,feuille
artichaut-1.jpg	port,feuille
artichaut-2.jpg	fleur
aubepine-1.jpg	fruit,feuille
aubepine-2.jpg	fruit,feuille
aulne_glutineux-1.jpg	feuille,fleur
aulne_glutineux-2.jpg	feuille,fleur
betterave-1.jpg	fleur
betterave-2.jpg	port,fleur
bouleau-1.jpg	feuille,fleur
bouleau-2.jpg	port,ecorce
bourrache-1.jpg	fleur,feuille
bourrache-2.jpg	fleur
buis-1.jpg	feuille,fleur
buis-2.jpg	feuille
callune-1.jpg	fleur
callune-2.jpg	fleur
capucine-1.jpg	fleur,feuille
capucine-2.jpg	feuille,fleur
caragana-1.jpg	fleur,feuille
caragana-2.jpg	fleur,feuille
carotte-1.jpg	fleur
carotte-2.jpg	fleur
chalef-1.jpg	feuille,fruit
chalef-2.jpg	feuille,fleur
charme-1.jpg	feuille,fruit
charme-2.jpg	feuille
chataignier-1.jpg	fruit,feuille
chataignier-2.jpg	fruit
chene_liege-1.jpg	fruit,feuille
chene_liege-2.jpg	ecorce
chene_pedoncule-1.jpg	fruit,feuille
chene_pedoncule-2.jpg	feuille,fruit
chene_pubescent-1.jpg	feuille
chene_sessile-1.jpg	feuille
chene_vert-1.jpg	feuille,fruit
chene_vert-2.jpg	feuille,fruit
chou-1.jpg	port,feuille
chou-2.jpg	feuille,port
chou_daubenton-1.jpg	port
chou_daubenton-2.jpg	feuille,port
ciboulette-1.jpg	feuille,fleur
ciboulette-2.jpg	fleur
claytone-1.jpg	feuille,fleur
claytone-2.jpg	feuille
cognassier-1.jpg	fleur,feuille
cognassier-2.jpg	fruit,feuille
consoude-1.jpg	fleur,feuille
cormier-1.jpg	fruit,feuille
cormier-2.jpg	port
cornouiller_male-1.jpg	fruit,feuille
cornouiller_male-2.jpg	fleur
courge-1.jpg	fruit
courge-2.jpg	fleur,feuille
epicea-1.jpg	feuille,fruit
epicea-2.jpg	fruit
erable_champetre-1.jpg	feuille,fruit
erable_champetre-2.jpg	feuille,fruit
erable_sycomore-1.jpg	port
erable_sycomore-2.jpg	feuille
feverole-1.jpg	fleur,feuille
feverole-2.jpg	feuille,port
fevier-1.jpg	fleur,feuille
fevier-2.jpg	feuille
fraisier_des_bois-1.jpg	feuille,fleur
fraisier_des_bois-2.jpg	fleur
framboisier-1.jpg	fruit,feuille
framboisier-2.jpg	fruit,feuille
frene-1.jpg	feuille
frene-2.jpg	feuille
genet-1.jpg	fleur,port
genet-2.jpg	fleur
genevrier-1.jpg	feuille,fruit
genevrier-2.jpg	feuille,fruit
groseillier-1.jpg	fleur,feuille
groseillier-2.jpg	fleur
haricot-1.jpg	fleur,feuille
haricot-2.jpg	fleur
hetre-1.jpg	feuille
hetre-2.jpg	feuille,fruit
houx-1.jpg	feuille,fruit
houx-2.jpg	fleur
if-1.jpg	feuille,fruit
if-2.jpg	port
kiwai-1.jpg	feuille,fleur
kiwai-2.jpg	feuille
laitue-1.jpg	fleur
laitue-2.jpg	feuille
liveche-1.jpg	fleur,feuille
liveche-2.jpg	feuille
lupin-1.jpg	fleur,feuille
lupin-2.jpg	fleur
luzerne-1.jpg	fleur
luzerne-2.jpg	fleur
meleze-1.jpg	fruit,feuille
meleze-2.jpg	port
menthe-1.jpg	fleur,feuille
menthe-2.jpg	fleur
merisier-1.jpg	fleur
merisier-2.jpg	fleur,feuille
micocoulier-1.jpg	feuille,fruit
micocoulier-2.jpg	feuille
murier-1.jpg	fruit,feuille
murier-2.jpg	fruit,feuille
myrtille-1.jpg	fruit,feuille
myrtille-2.jpg	fleur,feuille
noisetier-1.jpg	feuille,fruit
noisetier-2.jpg	fleur
noyer-1.jpg	feuille,fruit
noyer-2.jpg	fleur,feuille
oca-1.jpg	fleur,feuille
oca-2.jpg	feuille,fleur
oignon-1.jpg	feuille,port
origan-1.jpg	fleur
origan-2.jpg	fleur,feuille
ortie-1.jpg	feuille,port
ortie-2.jpg	feuille,port
oseille-1.jpg	fleur
oseille-2.jpg	feuille
phacelie-1.jpg	fleur
phacelie-2.jpg	fleur
pin_maritime-1.jpg	fruit,feuille
pin_maritime-2.jpg	port
pin_sylvestre-1.jpg	fruit,feuille
pin_sylvestre-2.jpg	port,ecorce
pissenlit-1.jpg	fleur
pissenlit-2.jpg	fruit
poire_de_terre-1.jpg	fleur
poireau_perpetuel-1.jpg	fleur
poirier-1.jpg	feuille,fruit
poirier-2.jpg	fleur,feuille
pois-1.jpg	fleur
pois-2.jpg	fleur
pomme_de_terre-1.jpg	fleur,feuille
pommier-1.jpg	fruit,feuille
pommier-2.jpg	fruit
prunellier-1.jpg	fleur
prunellier-2.jpg	fruit,feuille
prunier-1.jpg	fleur,feuille
prunier-2.jpg	fruit,feuille
raifort-1.jpg	fleur
raifort-2.jpg	fleur
rhubarbe-1.jpg	fleur,feuille
rhubarbe-2.jpg	port,feuille
robinier-1.jpg	fleur,feuille
robinier-2.jpg	fleur,feuille
ronce-1.jpg	fruit,feuille
ronce-2.jpg	fleur,feuille
sapin-1.jpg	feuille
sapin-2.jpg	fruit
saule-1.jpg	fleur
saule-2.jpg	feuille
scorsonere-1.jpg	fleur,feuille
scorsonere-2.jpg	feuille
sorbier-1.jpg	fruit,feuille
sorbier-2.jpg	fruit,feuille
sureau-1.jpg	fleur,feuille
sureau-2.jpg	port,fleur
tanaisie-1.jpg	fleur,feuille
tanaisie-2.jpg	feuille
tilleul-1.jpg	feuille
tilleul-2.jpg	port
tomate-1.jpg	fleur,feuille
tomate-2.jpg	fruit
topinambour-1.jpg	fleur
topinambour-2.jpg	port,fleur
trefle_blanc-1.jpg	fleur,feuille
trefle_blanc-2.jpg	fleur
trefle_violet-1.jpg	fleur,feuille
trefle_violet-2.jpg	fleur
tremble-1.jpg	feuille
tremble-2.jpg	fleur
vesce-1.jpg	fleur,feuille
vesce-2.jpg	fleur,feuille
abricotier.jpg	fleur
cerisier.jpg	fleur
chevrefeuille_com.jpg	fleur,feuille
feijoa.jpg	fleur
figuier.jpg	feuille
goji.jpg	fleur,feuille
grenadier.jpg	fruit,fleur
jujubier.jpg	fruit,feuille
laurier_sauce.jpg	feuille,fleur
neflier.jpg	fruit,feuille
olivier.jpg	fruit,feuille
pecher.jpg	fruit,feuille
plaqueminier.jpg	fruit
vigne.jpg	fruit,feuille
armoise.jpg	feuille
asperule.jpg	fleur,feuille
avoine.jpg	fleur
bardane.jpg	fleur,feuille
camomille.jpg	fleur
cardamine.jpg	fleur
courgette.jpg	fruit
cresson.jpg	fleur,feuille
fenouil.jpg	fleur
guimauve.jpg	fleur,feuille
hysope.jpg	fleur
lavande.jpg	fleur
lotier.jpg	fleur,feuille
mais.jpg	fruit,feuille
marjolaine.jpg	fleur
melilot.jpg	fleur
millepertuis.jpg	fleur
moutarde.jpg	fleur
onagre.jpg	fleur
paquerette.jpg	fleur
patate_douce.jpg	fleur,feuille
romarin.jpg	fleur,feuille
sainfoin.jpg	fleur
sarrasin.jpg	fleur,feuille
sauge.jpg	fleur,feuille
seigle.jpg	fleur
stellaire.jpg	fleur,feuille
thym.jpg	fleur
valeriane.jpg	fleur,feuille
verveine_citron.jpg	fleur,feuille
